{
  "metadata": [
    {
      "src": [
        {
          "src": "../shoot_me_up",
          "files": [
            "*.csproj"
          ]
        }
      ],
      "dest": "api"
    }
  ],
  "build": {
    "content": [
      {
        "files": [
          "**/*.{md,yml}"
        ],
        "exclude": [
          "_site/**"
        ]
      }
    ],
    "resource": [
      {
        "files": [
          "images/**"
        ]
      }
    ],
    "output": "_site",
    "template": [
      "default",
      "modern"
    ],
    "globalMetadata": {
      "_appName": "shootmeup",
      "_appTitle": "shootmeup",
      "_enableSearch": true,
      "pdf": true
    }
  }
}