
{"items":[{"name":"shoot_me_up","href":"shoot_me_up.html","topicHref":"shoot_me_up.html","topicUid":"shoot_me_up","items":[{"name":"Enemy","href":"shoot_me_up.Enemy.html","topicHref":"shoot_me_up.Enemy.html","topicUid":"shoot_me_up.Enemy"},{"name":"Form1","href":"shoot_me_up.Form1.html","topicHref":"shoot_me_up.Form1.html","topicUid":"shoot_me_up.Form1"},{"name":"Mars","href":"shoot_me_up.Mars.html","topicHref":"shoot_me_up.Mars.html","topicUid":"shoot_me_up.Mars"},{"name":"Options","href":"shoot_me_up.Options.html","topicHref":"shoot_me_up.Options.html","topicUid":"shoot_me_up.Options"},{"name":"Pause","href":"shoot_me_up.Pause.html","topicHref":"shoot_me_up.Pause.html","topicUid":"shoot_me_up.Pause"},{"name":"Score","href":"shoot_me_up.Score.html","topicHref":"shoot_me_up.Score.html","topicUid":"shoot_me_up.Score"},{"name":"Skins","href":"shoot_me_up.Skins.html","topicHref":"shoot_me_up.Skins.html","topicUid":"shoot_me_up.Skins"},{"name":"playGame","href":"shoot_me_up.playGame.html","topicHref":"shoot_me_up.playGame.html","topicUid":"shoot_me_up.playGame"},{"name":"playGameCy_27","href":"shoot_me_up.playGameCy_27.html","topicHref":"shoot_me_up.playGameCy_27.html","topicUid":"shoot_me_up.playGameCy_27"},{"name":"victory_","href":"shoot_me_up.victory_.html","topicHref":"shoot_me_up.victory_.html","topicUid":"shoot_me_up.victory_"}]}],"memberLayout":"SamePage","pdf":true}
